ausente2_ausente,ausente2_matthei,ausente2_parisi,ausente2_kaiser,ausente2_kast,ausente2_jara,ausente2_otros,ausente2_nulosblancos,nulosblancos2_ausente,nulosblancos2_matthei,nulosblancos2_parisi,nulosblancos2_kaiser,nulosblancos2_kast,nulosblancos2_jara,nulosblancos2_otros,nulosblancos2_nulosblancos,kast2_ausente,kast2_matthei,kast2_parisi,kast2_kaiser,kast2_kast,kast2_jara,kast2_otros,kast2_nulosblancos,jara2_ausente,jara2_matthei,jara2_parisi,jara2_kaiser,jara2_kast,jara2_jara,jara2_otros,jara2_nulosblancos,comuna,n_original,n_consolidado
0.625,0.029,0.011,0.118,0.019,0.036,0.005,0.008,0.015,0.037,0.139,0.049,0.037,0.032,0.004,0.495,0.238,0.809,0.454,0.789,0.848,0.023,0.284,0.485,0.122,0.125,0.396,0.045,0.096,0.909,0.706,0.011,ALGARROBO,46,46
0.474,0.011,0.161,0.204,0.007,0.008,0.348,0.356,0.086,0.01,0.098,0.157,0.014,0.041,0.031,0.39,0.429,0.97,0.473,0.631,0.969,0.014,0.005,0.01,0.012,0.01,0.268,0.008,0.01,0.937,0.616,0.244,ALTO BIOBIO,17,17
0.69,0.005,0.068,0.288,0.013,0.009,0.006,0.056,0.015,0.006,0.146,0.01,0.014,0.016,0.474,0.923,0.016,0.686,0.619,0.693,0.963,0.011,0.005,0.016,0.279,0.303,0.167,0.01,0.009,0.963,0.515,0.005,ALTO DEL CARMEN,13,13
0.886,0.008,0.026,0.058,0.008,0.006,0.009,0.2,0.011,0.101,0.134,0.21,0.008,0.008,0.01,0.386,0.073,0.587,0.562,0.699,0.975,0.011,0.97,0.095,0.029,0.304,0.279,0.033,0.009,0.975,0.01,0.318,ALTO HOSPICIO,187,100
0.882,0.007,0.018,0.011,0.01,0.011,0.312,0.008,0.016,0.009,0.186,0.01,0.012,0.01,0.194,0.494,0.031,0.766,0.502,0.964,0.956,0.023,0.011,0.489,0.071,0.218,0.294,0.016,0.023,0.956,0.483,0.01,ANCUD,100,100
0.714,0.008,0.019,0.119,0.095,0.015,0.005,0.007,0.012,0.01,0.201,0.213,0.013,0.019,0.006,0.102,0.173,0.78,0.296,0.654,0.499,0.132,0.339,0.874,0.101,0.201,0.484,0.015,0.393,0.835,0.65,0.017,ANDACOLLO,29,29
0.253,0.783,0.021,0.218,0.046,0.011,0.004,0.004,0.033,0.006,0.135,0.091,0.013,0.007,0.01,0.137,0.521,0.172,0.686,0.65,0.925,0.015,0.618,0.854,0.193,0.038,0.158,0.041,0.015,0.967,0.367,0.004,ANGOL,123,100
0.964,0.01,0.014,0.01,0.01,0.011,0.008,0.133,0.009,0.115,0.219,0.007,0.008,0.006,0.008,0.419,0.013,0.696,0.443,0.973,0.973,0.009,0.009,0.01,0.014,0.179,0.324,0.01,0.01,0.974,0.975,0.438,ANTOFAGASTA,776,100
0.682,0.015,0.013,0.403,0.012,0.01,0.049,0.007,0.05,0.008,0.088,0.134,0.05,0.017,0.277,0.016,0.252,0.889,0.484,0.451,0.92,0.021,0.67,0.974,0.016,0.088,0.416,0.012,0.018,0.951,0.004,0.003,ANTUCO,12,12
0.897,0.078,0.008,0.008,0.005,0.006,0.005,0.035,0.013,0.214,0.13,0.009,0.01,0.011,0.086,0.387,0.072,0.316,0.617,0.97,0.968,0.022,0.536,0.569,0.019,0.392,0.245,0.013,0.017,0.961,0.373,0.009,ARAUCO,86,86
0.894,0.182,0.019,0.014,0.013,0.027,0.113,0.093,0.014,0.011,0.215,0.011,0.011,0.036,0.113,0.286,0.024,0.53,0.392,0.96,0.963,0.023,0.44,0.259,0.067,0.276,0.374,0.014,0.013,0.914,0.334,0.362,AYSEN,62,62
0.645,0.024,0.032,0.019,0.043,0.029,0.022,0.024,0.05,0.109,0.116,0.017,0.023,0.017,0.081,0.374,0.177,0.606,0.515,0.909,0.913,0.017,0.31,0.228,0.128,0.262,0.337,0.055,0.021,0.936,0.587,0.373,BUIN,227,100
0.869,0.048,0.019,0.008,0.009,0.011,0.008,0.009,0.017,0.045,0.098,0.035,0.013,0.012,0.257,0.683,0.031,0.304,0.616,0.82,0.954,0.02,0.009,0.275,0.083,0.603,0.267,0.137,0.024,0.957,0.725,0.032,CABILDO,47,47
0.884,0.011,0.014,0.009,0.009,0.034,0.011,0.127,0.014,0.006,0.151,0.007,0.008,0.009,0.012,0.623,0.03,0.737,0.626,0.974,0.973,0.018,0.963,0.099,0.072,0.246,0.209,0.01,0.01,0.938,0.013,0.151,CABRERO,71,71
0.955,0.031,0.026,0.007,0.011,0.012,0.2,0.006,0.016,0.109,0.218,0.008,0.008,0.009,0.255,0.117,0.013,0.465,0.53,0.952,0.966,0.009,0.331,0.373,0.016,0.395,0.226,0.032,0.015,0.97,0.214,0.503,CALAMA,339,100
0.914,0.034,0.016,0.009,0.011,0.011,0.329,0.007,0.019,0.2,0.125,0.01,0.011,0.011,0.127,0.319,0.035,0.491,0.644,0.967,0.959,0.022,0.01,0.666,0.033,0.275,0.216,0.014,0.019,0.956,0.534,0.008,CALBUCO,88,88
0.746,0.072,0.045,0.011,0.145,0.013,0.012,0.008,0.008,0.007,0.179,0.061,0.009,0.034,0.013,0.344,0.235,0.741,0.279,0.919,0.835,0.044,0.012,0.334,0.01,0.18,0.497,0.009,0.01,0.909,0.964,0.313,CALDERA,42,42
0.775,0.013,0.044,0.043,0.019,0.014,0.102,0.016,0.065,0.011,0.134,0.026,0.019,0.015,0.019,0.559,0.029,0.746,0.476,0.918,0.952,0.042,0.347,0.013,0.132,0.23,0.346,0.013,0.011,0.93,0.533,0.413,CALERA DE TANGO,57,57
0.823,0.013,0.031,0.019,0.041,0.019,0.167,0.018,0.03,0.011,0.116,0.05,0.137,0.01,0.06,0.365,0.06,0.913,0.573,0.69,0.689,0.021,0.019,0.463,0.087,0.064,0.28,0.241,0.133,0.95,0.754,0.154,CALERA,116,100
0.799,0.007,0.037,0.009,0.009,0.01,0.245,0.007,0.009,0.257,0.178,0.009,0.01,0.009,0.01,0.008,0.013,0.704,0.462,0.968,0.964,0.021,0.011,0.531,0.179,0.032,0.323,0.014,0.017,0.96,0.734,0.454,CALLE LARGA,33,33
0.483,0.005,0.051,0.009,0.354,0.016,0.008,0.006,0.111,0.006,0.037,0.006,0.056,0.027,0.206,0.484,0.384,0.833,0.45,0.9,0.483,0.02,0.78,0.01,0.023,0.156,0.462,0.085,0.108,0.937,0.006,0.5,CANELA,25,25
0.928,0.007,0.021,0.009,0.01,0.008,0.006,0.009,0.013,0.057,0.136,0.01,0.011,0.019,0.006,0.407,0.043,0.831,0.567,0.97,0.963,0.029,0.315,0.307,0.015,0.105,0.276,0.011,0.015,0.944,0.673,0.277,CAÑETE,78,78
0.914,0.01,0.061,0.005,0.008,0.013,0.003,0.005,0.017,0.011,0.171,0.007,0.008,0.013,0.361,0.05,0.043,0.862,0.553,0.981,0.968,0.026,0.006,0.288,0.027,0.116,0.216,0.007,0.016,0.947,0.629,0.657,CARAHUE,63,63
0.61,0.014,0.053,0.05,0.012,0.081,0.42,0.008,0.04,0.042,0.224,0.012,0.014,0.015,0.031,0.236,0.331,0.61,0.172,0.927,0.962,0.024,0.01,0.748,0.019,0.334,0.551,0.011,0.012,0.881,0.54,0.008,CARTAGENA,57,57
0.857,0.033,0.015,0.01,0.013,0.011,0.028,0.012,0.022,0.105,0.124,0.016,0.025,0.017,0.152,0.483,0.096,0.816,0.518,0.955,0.863,0.013,0.098,0.162,0.025,0.046,0.342,0.018,0.098,0.96,0.722,0.342,CASABLANCA,66,66
0.933,0.008,0.015,0.009,0.008,0.008,0.005,0.006,0.018,0.005,0.187,0.058,0.008,0.005,0.093,0.306,0.027,0.866,0.522,0.735,0.973,0.012,0.262,0.48,0.022,0.121,0.276,0.197,0.01,0.975,0.64,0.208,CASTRO,112,100
0.835,0.011,0.015,0.023,0.014,0.008,0.037,0.057,0.03,0.142,0.164,0.008,0.012,0.02,0.759,0.253,0.04,0.282,0.604,0.957,0.959,0.023,0.024,0.226,0.095,0.564,0.217,0.012,0.015,0.948,0.18,0.464,CATEMU,32,32
0.824,0.157,0.015,0.009,0.011,0.009,0.006,0.008,0.011,0.03,0.121,0.01,0.011,0.017,0.006,0.456,0.151,0.582,0.715,0.968,0.962,0.034,0.378,0.3,0.014,0.232,0.149,0.013,0.016,0.939,0.61,0.236,CAUQUENES,102,100
0.907,0.023,0.015,0.012,0.011,0.01,0.054,0.007,0.014,0.136,0.089,0.009,0.011,0.014,0.073,0.529,0.054,0.575,0.435,0.953,0.961,0.017,0.062,0.092,0.025,0.265,0.461,0.026,0.018,0.96,0.812,0.372,CERRILLOS,171,100
0.849,0.03,0.017,0.009,0.01,0.012,0.011,0.246,0.023,0.099,0.085,0.009,0.012,0.017,0.116,0.574,0.042,0.611,0.494,0.879,0.878,0.014,0.354,0.026,0.086,0.26,0.405,0.103,0.1,0.956,0.519,0.154,CERRO NAVIA,277,100
0.903,0.095,0.121,0.024,0.015,0.026,0.63,0.014,0.014,0.009,0.083,0.037,0.009,0.021,0.007,0.4,0.056,0.884,0.742,0.838,0.901,0.019,0.354,0.019,0.027,0.013,0.055,0.101,0.076,0.935,0.01,0.567,CHAITEN,15,15
0.875,0.138,0.019,0.006,0.018,0.033,0.006,0.005,0.015,0.23,0.207,0.011,0.009,0.015,0.006,0.183,0.093,0.432,0.372,0.86,0.934,0.016,0.538,0.186,0.017,0.2,0.401,0.123,0.038,0.936,0.45,0.626,CHAÑARAL,30,30
0.739,0.011,0.013,0.095,0.006,0.105,0.006,0.004,0.017,0.278,0.026,0.104,0.005,0.027,0.031,0.004,0.017,0.505,0.772,0.79,0.981,0.023,0.618,0.991,0.227,0.206,0.189,0.011,0.009,0.845,0.345,0.002,CHANCO,24,24
0.776,0.034,0.013,0.008,0.01,0.026,0.101,0.005,0.009,0.046,0.119,0.008,0.014,0.018,0.327,0.358,0.167,0.738,0.499,0.976,0.963,0.098,0.178,0.432,0.048,0.181,0.369,0.008,0.014,0.858,0.393,0.205,CHEPICA,38,38
0.811,0.035,0.023,0.035,0.011,0.013,0.084,0.038,0.063,0.016,0.167,0.056,0.021,0.012,0.046,0.614,0.095,0.873,0.474,0.68,0.953,0.01,0.007,0.08,0.031,0.075,0.336,0.228,0.016,0.965,0.862,0.269,CHIGUAYANTE,182,100
0.955,0.006,0.242,0.012,0.015,0.006,0.003,0.01,0.008,0.012,0.078,0.01,0.013,0.004,0.004,0.521,0.017,0.977,0.323,0.848,0.96,0.009,0.495,0.244,0.02,0.005,0.357,0.13,0.012,0.981,0.498,0.224,CHILE CHICO,18,18
0.79,0.007,0.013,0.026,0.008,0.008,0.141,0.041,0.087,0.009,0.136,0.016,0.015,0.013,0.217,0.564,0.025,0.711,0.646,0.847,0.96,0.014,0.013,0.196,0.098,0.273,0.205,0.111,0.017,0.964,0.629,0.199,CHIMBARONGO,82,82
0.917,0.04,0.042,0.014,0.012,0.01,0.007,0.008,0.052,0.054,0.146,0.026,0.014,0.012,0.42,0.202,0.016,0.57,0.576,0.949,0.959,0.015,0.008,0.783,0.015,0.337,0.237,0.01,0.016,0.964,0.565,0.008,CHOLCHOL,32,32
0.904,0.011,0.018,0.077,0.013,0.009,0.007,0.01,0.019,0.093,0.188,0.075,0.013,0.013,0.007,0.009,0.021,0.791,0.504,0.746,0.961,0.016,0.263,0.856,0.056,0.105,0.289,0.102,0.013,0.962,0.723,0.125,CHONCHI,37,37
0.775,0.006,0.294,0.022,0.015,0.027,0.422,0.015,0.01,0.02,0.349,0.007,0.005,0.017,0.006,0.007,0.173,0.868,0.051,0.959,0.967,0.099,0.29,0.016,0.042,0.106,0.306,0.012,0.013,0.857,0.281,0.962,CISNES,15,15
0.898,0.009,0.029,0.01,0.018,0.024,0.01,0.355,0.032,0.009,0.092,0.01,0.01,0.084,0.012,0.345,0.05,0.969,0.532,0.941,0.957,0.043,0.537,0.2,0.02,0.013,0.348,0.04,0.016,0.849,0.441,0.1,COCHAMO,14,14
0.789,0.224,0.274,0.008,0.009,0.062,0.017,0.009,0.046,0.129,0.012,0.015,0.008,0.019,0.015,0.331,0.141,0.295,0.013,0.967,0.971,0.02,0.955,0.657,0.024,0.352,0.7,0.01,0.012,0.899,0.013,0.004,COCHRANE,9,9
0.66,0.092,0.014,0.036,0.009,0.01,0.007,0.105,0.007,0.307,0.035,0.095,0.012,0.013,0.266,0.43,0.01,0.275,0.736,0.838,0.961,0.019,0.006,0.011,0.323,0.326,0.215,0.031,0.017,0.957,0.722,0.455,CODEGUA,32,32
0.732,0.104,0.011,0.007,0.011,0.01,0.087,0.006,0.007,0.081,0.126,0.008,0.011,0.011,0.008,0.624,0.015,0.797,0.335,0.97,0.957,0.025,0.724,0.362,0.246,0.018,0.528,0.014,0.021,0.955,0.181,0.008,COINCO,20,20
0.476,0.008,0.049,0.01,0.023,0.193,0.009,0.009,0.065,0.008,0.186,0.01,0.015,0.013,0.205,0.077,0.133,0.78,0.509,0.971,0.946,0.021,0.529,0.432,0.326,0.204,0.256,0.009,0.015,0.774,0.256,0.481,COLBUN,55,55
0.938,0.02,0.032,0.006,0.009,0.007,0.004,0.006,0.024,0.063,0.181,0.006,0.01,0.01,0.015,0.317,0.021,0.87,0.448,0.963,0.971,0.028,0.004,0.184,0.017,0.048,0.339,0.025,0.011,0.955,0.977,0.493,COLINA,285,100
0.911,0.039,0.013,0.01,0.013,0.008,0.007,0.026,0.033,0.073,0.122,0.009,0.014,0.022,0.007,0.389,0.037,0.878,0.584,0.972,0.958,0.025,0.584,0.39,0.018,0.01,0.281,0.01,0.015,0.944,0.402,0.195,COLLIPULLI,59,59
0.655,0.126,0.023,0.015,0.014,0.009,0.015,0.008,0.085,0.014,0.07,0.071,0.017,0.014,0.08,0.801,0.235,0.624,0.605,0.768,0.951,0.025,0.316,0.181,0.025,0.236,0.302,0.146,0.018,0.952,0.59,0.01,COLTAUCO,47,47
0.87,0.019,0.031,0.013,0.045,0.02,0.005,0.03,0.047,0.022,0.112,0.081,0.02,0.027,0.057,0.51,0.05,0.548,0.367,0.858,0.813,0.121,0.735,0.346,0.033,0.41,0.49,0.048,0.123,0.832,0.203,0.114,COMBARBALA,33,33
0.946,0.026,0.009,0.013,0.01,0.009,0.012,0.018,0.009,0.13,0.156,0.01,0.008,0.012,0.009,0.561,0.019,0.673,0.485,0.961,0.963,0.014,0.012,0.011,0.027,0.171,0.35,0.016,0.018,0.965,0.968,0.409,CONCEPCION,525,100
0.702,0.22,0.03,0.01,0.011,0.067,0.018,0.024,0.02,0.046,0.091,0.017,0.017,0.024,0.191,0.448,0.066,0.537,0.325,0.96,0.95,0.016,0.391,0.09,0.211,0.197,0.554,0.013,0.021,0.892,0.399,0.438,CONCHALI,287,100
0.654,0.014,0.015,0.231,0.011,0.011,0.007,0.007,0.012,0.057,0.125,0.077,0.011,0.011,0.067,0.588,0.317,0.818,0.343,0.671,0.964,0.019,0.006,0.093,0.016,0.111,0.516,0.021,0.014,0.959,0.92,0.312,CONCON,124,100
0.855,0.022,0.019,0.029,0.013,0.011,0.031,0.008,0.022,0.107,0.149,0.014,0.016,0.016,0.074,0.489,0.036,0.556,0.646,0.938,0.951,0.033,0.151,0.014,0.086,0.315,0.185,0.02,0.021,0.94,0.743,0.49,CONSTITUCION,108,100
0.73,0.009,0.106,0.014,0.019,0.012,0.392,0.227,0.015,0.007,0.146,0.008,0.019,0.011,0.341,0.109,0.224,0.726,0.54,0.97,0.93,0.011,0.17,0.442,0.031,0.259,0.207,0.009,0.032,0.967,0.097,0.222,CONTULMO,16,16
0.928,0.035,0.017,0.008,0.01,0.009,0.09,0.007,0.009,0.023,0.2,0.007,0.01,0.01,0.008,0.587,0.048,0.648,0.414,0.974,0.965,0.017,0.008,0.397,0.015,0.294,0.369,0.011,0.015,0.963,0.894,0.008,COPIAPO,335,100
0.918,0.04,0.019,0.015,0.01,0.011,0.01,0.01,0.013,0.075,0.205,0.086,0.009,0.006,0.011,0.352,0.019,0.759,0.382,0.884,0.967,0.014,0.011,0.228,0.05,0.125,0.394,0.015,0.014,0.97,0.969,0.41,COQUIMBO,497,100
0.882,0.069,0.018,0.008,0.008,0.008,0.008,0.007,0.011,0.036,0.181,0.008,0.012,0.012,0.313,0.395,0.09,0.533,0.491,0.784,0.962,0.021,0.656,0.592,0.017,0.361,0.309,0.199,0.018,0.959,0.023,0.006,CORONEL,248,100
0.922,0.052,0.015,0.015,0.008,0.043,0.004,0.009,0.015,0.081,0.165,0.006,0.005,0.038,0.005,0.344,0.036,0.702,0.366,0.956,0.976,0.021,0.004,0.394,0.028,0.166,0.455,0.024,0.011,0.899,0.988,0.253,COYHAIQUE,146,100
0.941,0.015,0.041,0.011,0.009,0.016,0.263,0.02,0.014,0.009,0.141,0.011,0.014,0.013,0.083,0.443,0.026,0.855,0.532,0.918,0.958,0.018,0.466,0.313,0.018,0.121,0.285,0.06,0.019,0.954,0.189,0.225,CUNCO,56,56
0.894,0.007,0.013,0.036,0.051,0.037,0.516,0.054,0.017,0.011,0.017,0.036,0.037,0.012,0.104,0.511,0.053,0.947,0.898,0.914,0.797,0.014,0.079,0.136,0.036,0.035,0.072,0.015,0.116,0.937,0.301,0.298,CURACAUTIN,56,56
0.811,0.003,0.017,0.014,0.02,0.014,0.783,0.002,0.042,0.01,0.021,0.19,0.096,0.006,0.169,0.008,0.021,0.755,0.947,0.59,0.871,0.019,0.019,0.438,0.126,0.232,0.015,0.205,0.013,0.961,0.029,0.551,CURACO DE VELEZ,10,10
0.876,0.016,0.017,0.03,0.018,0.015,0.007,0.037,0.026,0.139,0.103,0.063,0.016,0.015,0.349,0.509,0.042,0.363,0.631,0.88,0.952,0.019,0.636,0.264,0.056,0.481,0.249,0.027,0.014,0.951,0.008,0.19,CURANILAHUE,77,77
0.911,0.012,0.013,0.013,0.098,0.013,0.014,0.015,0.02,0.008,0.029,0.034,0.013,0.035,0.012,0.695,0.032,0.968,0.897,0.649,0.873,0.011,0.961,0.013,0.037,0.011,0.061,0.303,0.016,0.941,0.013,0.278,CURARREHUE,24,24
0.871,0.03,0.016,0.018,0.009,0.01,0.194,0.006,0.013,0.084,0.103,0.009,0.013,0.01,0.402,0.319,0.019,0.644,0.598,0.961,0.956,0.025,0.012,0.403,0.097,0.241,0.283,0.012,0.022,0.954,0.392,0.273,CUREPTO,26,26
0.838,0.034,0.011,0.045,0.007,0.008,0.011,0.017,0.009,0.093,0.171,0.008,0.006,0.011,0.01,0.55,0.028,0.737,0.518,0.929,0.968,0.016,0.012,0.088,0.125,0.135,0.3,0.018,0.019,0.964,0.967,0.346,CURICO,336,100
0.891,0.008,0.017,0.007,0.008,0.009,0.062,0.009,0.016,0.008,0.205,0.033,0.009,0.008,0.164,0.011,0.071,0.745,0.501,0.95,0.968,0.02,0.25,0.968,0.023,0.239,0.278,0.01,0.015,0.963,0.525,0.012,DALCAHUE,37,37
0.861,0.964,0.031,0.069,0.01,0.009,0.224,0.02,0.022,0.013,0.211,0.013,0.011,0.018,0.011,0.297,0.022,0.014,0.619,0.561,0.672,0.012,0.758,0.221,0.095,0.01,0.139,0.358,0.306,0.962,0.007,0.462,DIEGO DE ALMAGRO,29,29
0.811,0.025,0.015,0.01,0.009,0.01,0.039,0.099,0.015,0.015,0.128,0.011,0.014,0.015,0.416,0.632,0.022,0.786,0.483,0.963,0.956,0.023,0.238,0.087,0.153,0.174,0.374,0.015,0.02,0.953,0.307,0.182,DOÑIHUE,51,51
0.703,0.073,0.084,0.008,0.008,0.008,0.292,0.007,0.036,0.053,0.131,0.008,0.007,0.007,0.319,0.324,0.233,0.538,0.347,0.969,0.968,0.019,0.009,0.007,0.029,0.336,0.437,0.015,0.017,0.967,0.381,0.662,EL BOSQUE,337,100
0.841,0.013,0.039,0.013,0.014,0.032,0.163,0.012,0.007,0.036,0.138,0.01,0.01,0.009,0.008,0.926,0.025,0.807,0.29,0.963,0.961,0.031,0.007,0.013,0.128,0.143,0.534,0.015,0.015,0.927,0.822,0.049,EL QUISCO,46,46
0.592,0.036,0.102,0.071,0.008,0.046,0.013,0.009,0.058,0.028,0.2,0.011,0.01,0.016,0.011,0.463,0.015,0.675,0.454,0.909,0.937,0.044,0.011,0.147,0.335,0.26,0.245,0.009,0.044,0.893,0.965,0.381,EL TABO,42,42
0.786,0.008,0.008,0.071,0.012,0.008,0.003,0.014,0.005,0.009,0.122,0.008,0.016,0.05,0.228,0.013,0.199,0.964,0.814,0.906,0.916,0.006,0.764,0.016,0.011,0.02,0.057,0.016,0.056,0.937,0.005,0.958,EMPEDRADO,11,11
0.594,0.132,0.022,0.007,0.085,0.146,0.011,0.014,0.03,0.194,0.152,0.007,0.014,0.016,0.01,0.13,0.031,0.093,0.802,0.977,0.87,0.123,0.014,0.101,0.345,0.582,0.024,0.009,0.03,0.715,0.964,0.754,ERCILLA,22,22
0.948,0.05,0.02,0.015,0.023,0.016,0.017,0.013,0.012,0.08,0.092,0.008,0.013,0.014,0.222,0.391,0.016,0.82,0.382,0.928,0.82,0.015,0.01,0.334,0.024,0.05,0.506,0.049,0.144,0.956,0.752,0.263,ESTACION CENTRAL,335,100
0.875,0.006,0.01,0.017,0.009,0.009,0.009,0.044,0.016,0.094,0.114,0.011,0.016,0.016,0.006,0.375,0.03,0.89,0.667,0.867,0.958,0.019,0.53,0.182,0.079,0.01,0.21,0.105,0.017,0.956,0.455,0.399,FLORIDA,30,30
0.894,0.017,0.014,0.011,0.019,0.009,0.058,0.013,0.022,0.034,0.146,0.011,0.025,0.013,0.012,0.345,0.056,0.62,0.642,0.949,0.915,0.013,0.554,0.315,0.028,0.328,0.198,0.028,0.041,0.965,0.376,0.327,FREIRE,64,64
0.856,0.141,0.017,0.014,0.008,0.04,0.008,0.018,0.047,0.011,0.161,0.008,0.031,0.014,0.01,0.533,0.069,0.716,0.319,0.968,0.952,0.035,0.971,0.441,0.028,0.133,0.503,0.009,0.009,0.911,0.011,0.008,FREIRINA,18,18
0.866,0.007,0.023,0.034,0.022,0.013,0.007,0.011,0.021,0.009,0.181,0.026,0.016,0.014,0.007,0.379,0.052,0.908,0.511,0.906,0.936,0.028,0.837,0.289,0.061,0.076,0.285,0.033,0.026,0.945,0.15,0.321,FRESIA,33,33
0.871,0.033,0.015,0.01,0.011,0.008,0.31,0.005,0.022,0.171,0.124,0.01,0.012,0.01,0.332,0.502,0.04,0.527,0.627,0.967,0.962,0.032,0.156,0.009,0.067,0.269,0.234,0.013,0.014,0.95,0.202,0.483,FRUTILLAR,52,52
0.968,0.017,0.051,0.018,0.026,0.014,0.008,0.004,0.005,0.127,0.186,0.01,0.069,0.017,0.199,0.003,0.017,0.561,0.358,0.956,0.862,0.017,0.401,0.99,0.009,0.295,0.405,0.015,0.043,0.951,0.392,0.003,FUTALEUFU,11,11
0.856,0.057,0.032,0.034,0.012,0.014,0.012,0.091,0.018,0.015,0.102,0.088,0.013,0.037,0.173,0.223,0.111,0.781,0.565,0.863,0.955,0.034,0.01,0.171,0.015,0.147,0.301,0.014,0.02,0.915,0.805,0.515,GALVARINO,30,30
0.932,0.045,0.019,0.011,0.012,0.01,0.07,0.007,0.011,0.15,0.148,0.008,0.011,0.01,0.006,0.261,0.026,0.685,0.7,0.919,0.959,0.019,0.12,0.533,0.031,0.12,0.133,0.062,0.017,0.961,0.803,0.199,GORBEA,41,41
0.385,0.009,0.047,0.009,0.168,0.008,0.13,0.03,0.005,0.008,0.132,0.007,0.011,0.006,0.449,0.678,0.553,0.971,0.462,0.971,0.633,0.016,0.017,0.171,0.057,0.012,0.359,0.013,0.188,0.97,0.404,0.121,GRANEROS,73,73
0.829,0.009,0.021,0.029,0.011,0.011,0.007,0.007,0.011,0.07,0.164,0.084,0.011,0.012,0.008,0.365,0.013,0.694,0.514,0.797,0.96,0.016,0.858,0.621,0.147,0.227,0.301,0.089,0.018,0.961,0.128,0.007,HIJUELAS,44,44
0.794,0.009,0.04,0.034,0.01,0.009,0.01,0.363,0.015,0.006,0.161,0.018,0.012,0.008,0.006,0.341,0.171,0.976,0.495,0.715,0.958,0.023,0.975,0.281,0.021,0.009,0.303,0.233,0.019,0.96,0.01,0.016,HUALAIHUE,25,25
0.878,0.032,0.009,0.009,0.009,0.01,0.006,0.009,0.05,0.036,0.132,0.016,0.014,0.03,0.007,0.322,0.031,0.916,0.336,0.963,0.956,0.046,0.223,0.102,0.041,0.016,0.523,0.012,0.02,0.915,0.764,0.567,HUALAÑE,27,27
0.839,0.018,0.026,0.014,0.016,0.024,0.007,0.028,0.034,0.014,0.128,0.082,0.033,0.027,0.182,0.439,0.086,0.645,0.482,0.871,0.919,0.044,0.013,0.232,0.04,0.322,0.365,0.033,0.033,0.905,0.797,0.3,HUALPEN,200,100
0.891,0.012,0.029,0.01,0.011,0.015,0.007,0.007,0.009,0.065,0.195,0.016,0.019,0.04,0.01,0.187,0.02,0.478,0.501,0.962,0.954,0.033,0.438,0.799,0.08,0.445,0.275,0.013,0.017,0.912,0.545,0.007,HUALQUI,58,58
0.905,0.006,0.024,0.181,0.013,0.011,0.011,0.005,0.05,0.243,0.067,0.009,0.01,0.009,0.012,0.424,0.023,0.294,0.783,0.739,0.966,0.05,0.012,0.483,0.023,0.457,0.125,0.07,0.011,0.929,0.964,0.089,HUARA,12,12
0.856,0.009,0.049,0.009,0.008,0.015,0.014,0.265,0.01,0.33,0.108,0.009,0.009,0.011,0.014,0.715,0.017,0.652,0.571,0.972,0.438,0.09,0.014,0.008,0.117,0.009,0.271,0.011,0.545,0.884,0.958,0.013,HUASCO,23,23
0.896,0.011,0.017,0.04,0.011,0.01,0.055,0.007,0.011,0.115,0.157,0.017,0.012,0.013,0.008,0.346,0.07,0.719,0.266,0.82,0.96,0.019,0.327,0.337,0.022,0.154,0.56,0.123,0.017,0.957,0.61,0.31,HUECHURABA,202,100
0.706,0.184,0.027,0.193,0.013,0.018,0.022,0.012,0.022,0.053,0.173,0.021,0.013,0.015,0.166,0.453,0.231,0.635,0.415,0.646,0.951,0.019,0.283,0.011,0.041,0.128,0.386,0.14,0.023,0.949,0.528,0.525,ILLAPEL,72,72
0.96,0.045,0.018,0.01,0.036,0.013,0.014,0.008,0.01,0.081,0.162,0.008,0.009,0.009,0.013,0.431,0.014,0.775,0.47,0.873,0.908,0.013,0.009,0.007,0.016,0.099,0.351,0.109,0.047,0.966,0.964,0.554,INDEPENDENCIA,235,100
0.95,0.009,0.028,0.013,0.011,0.013,0.07,0.009,0.013,0.031,0.17,0.057,0.014,0.018,0.015,0.259,0.023,0.747,0.461,0.874,0.961,0.017,0.327,0.377,0.015,0.213,0.341,0.056,0.013,0.952,0.588,0.355,IQUIQUE,432,100
0.756,0.012,0.011,0.201,0.013,0.156,0.498,0.066,0.017,0.012,0.02,0.155,0.014,0.023,0.007,0.665,0.027,0.846,0.019,0.618,0.961,0.061,0.011,0.175,0.2,0.131,0.95,0.026,0.012,0.761,0.484,0.094,ISLA DE PASCUA,18,18
0.928,0.019,0.014,0.014,0.014,0.016,0.083,0.012,0.02,0.018,0.102,0.044,0.016,0.04,0.214,0.298,0.031,0.698,0.48,0.729,0.958,0.025,0.237,0.282,0.021,0.265,0.403,0.213,0.011,0.919,0.466,0.408,LA CISTERNA,210,100
0.686,0.071,0.022,0.076,0.016,0.015,0.061,0.01,0.085,0.138,0.129,0.02,0.012,0.012,0.109,0.286,0.164,0.511,0.47,0.87,0.937,0.011,0.473,0.693,0.065,0.279,0.38,0.034,0.034,0.962,0.357,0.01,LA CRUZ,48,48
0.712,0.019,0.083,0.01,0.018,0.013,0.029,0.007,0.018,0.139,0.112,0.011,0.012,0.014,0.014,0.516,0.246,0.619,0.319,0.962,0.951,0.018,0.276,0.469,0.024,0.223,0.486,0.018,0.018,0.955,0.681,0.008,LA ESTRELLA,11,11
0.941,0.018,0.014,0.009,0.011,0.01,0.006,0.008,0.014,0.075,0.155,0.056,0.017,0.013,0.101,0.338,0.017,0.685,0.388,0.874,0.948,0.019,0.007,0.188,0.027,0.221,0.443,0.061,0.024,0.957,0.886,0.467,LA FLORIDA,794,100
0.862,0.012,0.025,0.028,0.026,0.02,0.012,0.011,0.029,0.081,0.086,0.036,0.019,0.028,0.312,0.274,0.071,0.615,0.349,0.901,0.92,0.037,0.011,0.204,0.037,0.291,0.54,0.035,0.035,0.914,0.664,0.51,LA GRANJA,249,100
0.573,0.104,0.039,0.346,0.119,0.011,0.009,0.007,0.01,0.007,0.082,0.009,0.01,0.019,0.007,0.976,0.407,0.675,0.651,0.44,0.825,0.012,0.009,0.008,0.01,0.214,0.228,0.205,0.046,0.958,0.975,0.009,LA HIGUERA,13,13
0.807,0.021,0.03,0.024,0.011,0.01,0.007,0.074,0.033,0.101,0.14,0.012,0.016,0.014,0.059,0.458,0.025,0.703,0.446,0.945,0.955,0.02,0.386,0.1,0.135,0.175,0.384,0.019,0.018,0.956,0.548,0.369,LA LIGUA,86,86
0.375,0.243,0.069,0.487,0.014,0.018,0.008,0.009,0.062,0.152,0.17,0.01,0.012,0.01,0.008,0.135,0.289,0.591,0.31,0.489,0.958,0.013,0.365,0.56,0.273,0.014,0.452,0.014,0.016,0.959,0.619,0.296,LA PINTANA,347,100
0.924,0.02,0.007,0.024,0.012,0.011,0.006,0.007,0.015,0.136,0.072,0.024,0.011,0.009,0.142,0.395,0.034,0.744,0.586,0.701,0.962,0.015,0.007,0.076,0.027,0.1,0.335,0.251,0.016,0.965,0.845,0.522,LA REINA,229,100
0.931,0.013,0.018,0.011,0.014,0.012,0.122,0.013,0.015,0.091,0.203,0.009,0.008,0.006,0.237,0.334,0.026,0.655,0.357,0.968,0.965,0.017,0.012,0.381,0.028,0.241,0.421,0.013,0.014,0.964,0.628,0.271,LA SERENA,518,100
0.917,0.009,0.031,0.02,0.01,0.011,0.01,0.011,0.03,0.008,0.142,0.011,0.01,0.011,0.01,0.716,0.025,0.912,0.603,0.796,0.966,0.015,0.969,0.009,0.028,0.071,0.224,0.173,0.014,0.963,0.011,0.265,LAJA,58,58
0.928,0.012,0.016,0.006,0.009,0.008,0.013,0.017,0.018,0.12,0.128,0.042,0.008,0.008,0.012,0.496,0.029,0.621,0.597,0.9,0.966,0.017,0.012,0.107,0.026,0.247,0.259,0.051,0.017,0.967,0.963,0.38,LAMPA,204,100
0.659,0.111,0.009,0.006,0.008,0.008,0.233,0.184,0.093,0.013,0.167,0.01,0.015,0.011,0.179,0.193,0.025,0.643,0.576,0.968,0.954,0.024,0.01,0.306,0.223,0.234,0.247,0.016,0.023,0.957,0.578,0.317,LAS CABRAS,60,60
0.962,0.014,0.007,0.021,0.012,0.011,0.117,0.006,0.008,0.071,0.168,0.129,0.009,0.011,0.235,0.02,0.018,0.882,0.256,0.703,0.969,0.013,0.009,0.006,0.011,0.033,0.57,0.147,0.01,0.964,0.638,0.967,LAS CONDES,720,100
0.947,0.007,0.024,0.008,0.011,0.011,0.148,0.007,0.015,0.008,0.137,0.012,0.019,0.011,0.143,0.449,0.02,0.83,0.621,0.967,0.937,0.017,0.01,0.176,0.018,0.156,0.218,0.013,0.033,0.961,0.7,0.368,LAUTARO,98,98
0.836,0.007,0.018,0.075,0.012,0.01,0.007,0.17,0.062,0.008,0.131,0.153,0.013,0.01,0.007,0.236,0.055,0.594,0.711,0.656,0.961,0.016,0.174,0.4,0.047,0.392,0.14,0.117,0.014,0.964,0.811,0.194,LEBU,59,59
0.773,0.106,0.011,0.071,0.018,0.013,0.005,0.006,0.067,0.02,0.021,0.151,0.014,0.011,0.004,0.683,0.1,0.836,0.675,0.744,0.756,0.086,0.77,0.012,0.06,0.037,0.294,0.034,0.212,0.89,0.221,0.299,LICANTEN,19,19
0.802,0.123,0.013,0.018,0.013,0.013,0.007,0.01,0.019,0.142,0.166,0.042,0.035,0.012,0.007,0.307,0.108,0.593,0.575,0.756,0.921,0.014,0.322,0.491,0.071,0.141,0.247,0.184,0.03,0.961,0.664,0.192,LIMACHE,114,100
0.871,0.043,0.011,0.008,0.009,0.008,0.174,0.009,0.015,0.082,0.191,0.01,0.011,0.017,0.091,0.148,0.094,0.47,0.509,0.969,0.965,0.025,0.373,0.835,0.019,0.405,0.29,0.013,0.015,0.949,0.361,0.008,LINARES,225,100
0.781,0.008,0.015,0.019,0.009,0.011,0.058,0.006,0.013,0.008,0.112,0.124,0.015,0.017,0.009,0.637,0.022,0.939,0.454,0.681,0.953,0.022,0.516,0.261,0.184,0.046,0.419,0.176,0.023,0.95,0.417,0.096,LITUECHE,22,22
0.845,0.016,0.021,0.017,0.018,0.011,0.024,0.022,0.039,0.009,0.144,0.014,0.031,0.019,0.327,0.464,0.06,0.552,0.496,0.95,0.931,0.028,0.018,0.034,0.055,0.423,0.339,0.019,0.02,0.942,0.631,0.48,LLAILLAY,58,58
0.918,0.043,0.012,0.008,0.009,0.008,0.045,0.007,0.041,0.155,0.151,0.011,0.012,0.044,0.009,0.221,0.025,0.446,0.559,0.969,0.964,0.023,0.01,0.549,0.016,0.356,0.278,0.012,0.015,0.924,0.936,0.223,LLANQUIHUE,45,45
0.931,0.008,0.008,0.04,0.006,0.007,0.002,0.113,0.01,0.013,0.103,0.169,0.005,0.01,0.003,0.629,0.05,0.974,0.27,0.699,0.985,0.014,0.003,0.008,0.01,0.005,0.618,0.091,0.005,0.969,0.992,0.25,LO BARNECHEA,235,100
0.879,0.019,0.016,0.01,0.015,0.015,0.178,0.01,0.026,0.091,0.109,0.051,0.022,0.012,0.011,0.443,0.058,0.36,0.391,0.913,0.941,0.02,0.188,0.379,0.038,0.53,0.484,0.026,0.021,0.953,0.623,0.168,LO ESPEJO,212,100
0.75,0.124,0.05,0.018,0.035,0.011,0.01,0.074,0.012,0.034,0.095,0.029,0.013,0.017,0.121,0.683,0.165,0.599,0.509,0.826,0.76,0.01,0.356,0.201,0.073,0.243,0.346,0.128,0.191,0.963,0.513,0.041,LO PRADO,208,100
0.766,0.012,0.014,0.014,0.012,0.022,0.083,0.169,0.088,0.022,0.161,0.013,0.016,0.014,0.366,0.014,0.041,0.756,0.645,0.962,0.948,0.054,0.046,0.288,0.105,0.21,0.18,0.012,0.024,0.91,0.506,0.529,LOLOL,19,19
0.904,0.072,0.018,0.012,0.015,0.021,0.008,0.009,0.037,0.011,0.106,0.037,0.015,0.013,0.021,0.663,0.032,0.871,0.613,0.813,0.952,0.018,0.491,0.044,0.027,0.046,0.262,0.138,0.019,0.948,0.479,0.284,LONCOCHE,65,65
0.859,0.014,0.02,0.004,0.007,0.021,0.007,0.033,0.065,0.145,0.118,0.006,0.011,0.027,0.005,0.178,0.026,0.534,0.715,0.983,0.971,0.022,0.247,0.251,0.049,0.307,0.146,0.006,0.011,0.93,0.741,0.538,LONGAVI,80,80
0.935,0.009,0.098,0.012,0.013,0.013,0.392,0.007,0.008,0.046,0.156,0.009,0.009,0.009,0.222,0.304,0.026,0.703,0.493,0.965,0.962,0.019,0.38,0.681,0.031,0.242,0.253,0.014,0.016,0.96,0.006,0.008,LONQUIMAY,33,33
0.912,0.025,0.022,0.011,0.011,0.01,0.008,0.025,0.019,0.017,0.117,0.013,0.021,0.013,0.007,0.562,0.027,0.541,0.666,0.964,0.945,0.012,0.588,0.4,0.041,0.417,0.195,0.013,0.023,0.965,0.396,0.013,LOS ALAMOS,51,51
0.891,0.009,0.013,0.066,0.01,0.012,0.011,0.011,0.015,0.009,0.113,0.046,0.073,0.015,0.013,0.765,0.077,0.764,0.525,0.8,0.899,0.014,0.012,0.032,0.017,0.218,0.35,0.088,0.018,0.959,0.963,0.192,LOS ANDES,145,100
0.933,0.022,0.007,0.008,0.007,0.008,0.06,0.069,0.013,0.101,0.16,0.01,0.007,0.011,0.353,0.08,0.036,0.573,0.652,0.971,0.974,0.022,0.009,0.84,0.018,0.304,0.18,0.012,0.013,0.959,0.578,0.01,LOS ANGELES,461,100
0.862,0.015,0.022,0.012,0.027,0.015,0.01,0.014,0.015,0.291,0.116,0.015,0.023,0.014,0.01,0.258,0.105,0.57,0.686,0.957,0.921,0.023,0.399,0.491,0.017,0.124,0.176,0.016,0.028,0.947,0.581,0.236,LOS MUERMOS,45,45
0.856,0.005,0.024,0.03,0.021,0.02,0.008,0.013,0.026,0.008,0.028,0.048,0.018,0.046,0.009,0.575,0.047,0.663,0.831,0.901,0.933,0.034,0.395,0.401,0.071,0.324,0.117,0.02,0.028,0.899,0.587,0.011,LOS SAUCES,19,19
0.819,0.011,0.033,0.105,0.018,0.017,0.022,0.011,0.021,0.011,0.107,0.021,0.017,0.023,0.013,0.762,0.039,0.879,0.423,0.846,0.941,0.019,0.112,0.204,0.121,0.1,0.437,0.027,0.024,0.941,0.853,0.024,LOS VILOS,52,52
0.888,0.008,0.023,0.01,0.013,0.015,0.24,0.007,0.039,0.14,0.142,0.008,0.024,0.043,0.181,0.277,0.043,0.569,0.517,0.822,0.952,0.015,0.345,0.364,0.03,0.284,0.317,0.159,0.011,0.927,0.234,0.351,LOTA,115,100
0.935,0.003,0.046,0.007,0.006,0.007,0.01,0.016,0.008,0.002,0.108,0.003,0.002,0.004,0.236,0.557,0.028,0.991,0.582,0.981,0.98,0.015,0.296,0.009,0.029,0.003,0.263,0.009,0.012,0.974,0.458,0.417,LUMACO,24,24
0.86,0.01,0.028,0.02,0.01,0.01,0.007,0.034,0.02,0.079,0.169,0.013,0.016,0.014,0.049,0.638,0.101,0.731,0.424,0.899,0.957,0.018,0.007,0.15,0.02,0.18,0.379,0.069,0.017,0.958,0.937,0.178,MACHALI,114,100
0.828,0.041,0.009,0.01,0.013,0.021,0.005,0.322,0.026,0.083,0.128,0.029,0.008,0.019,0.025,0.48,0.12,0.64,0.254,0.899,0.94,0.014,0.118,0.188,0.025,0.236,0.61,0.062,0.038,0.947,0.852,0.009,MACUL,261,100
0.934,0.005,0.017,0.008,0.006,0.004,0.006,0.037,0.012,0.105,0.149,0.008,0.008,0.005,0.126,0.527,0.034,0.596,0.367,0.967,0.967,0.021,0.008,0.104,0.021,0.293,0.467,0.017,0.019,0.97,0.861,0.332,MAIPU,1017,100
0.288,0.191,0.032,0.014,0.021,0.009,0.03,0.414,0.02,0.018,0.17,0.018,0.035,0.019,0.081,0.274,0.502,0.597,0.661,0.783,0.926,0.009,0.643,0.024,0.19,0.193,0.138,0.186,0.018,0.962,0.246,0.287,MALLOA,33,33
0.92,0.023,0.01,0.01,0.011,0.008,0.008,0.012,0.013,0.052,0.039,0.011,0.018,0.092,0.007,0.614,0.023,0.587,0.521,0.964,0.944,0.04,0.625,0.358,0.044,0.339,0.43,0.015,0.028,0.861,0.36,0.015,MARCHIGUE,21,21
0.896,0.623,0.068,0.006,0.011,0.01,0.75,0.009,0.033,0.364,0.112,0.074,0.014,0.014,0.239,0.382,0.042,0.005,0.347,0.911,0.962,0.016,0.005,0.569,0.028,0.009,0.472,0.01,0.013,0.96,0.006,0.04,MARIA ELENA,14,14
0.668,0.089,0.012,0.08,0.007,0.007,0.01,0.007,0.215,0.152,0.119,0.018,0.009,0.01,0.011,0.224,0.098,0.27,0.685,0.882,0.967,0.018,0.012,0.762,0.02,0.489,0.184,0.02,0.017,0.965,0.967,0.007,MAULE,82,82
0.912,0.007,0.042,0.008,0.008,0.009,0.086,0.007,0.009,0.009,0.093,0.008,0.008,0.008,0.344,0.533,0.029,0.974,0.676,0.971,0.967,0.023,0.131,0.015,0.05,0.01,0.19,0.013,0.017,0.959,0.44,0.445,MAULLIN,41,41
0.639,0.278,0.051,0.006,0.28,0.011,0.135,0.011,0.015,0.326,0.15,0.008,0.015,0.019,0.613,0.122,0.141,0.119,0.426,0.973,0.608,0.111,0.242,0.282,0.205,0.276,0.373,0.012,0.097,0.86,0.01,0.585,MEJILLONES,27,27
0.873,0.105,0.21,0.01,0.01,0.013,0.155,0.007,0.008,0.006,0.182,0.006,0.006,0.007,0.134,0.108,0.024,0.528,0.552,0.972,0.967,0.018,0.499,0.878,0.095,0.361,0.057,0.012,0.017,0.962,0.212,0.007,MELIPEUCO,22,22
0.711,0.018,0.109,0.018,0.015,0.016,0.017,0.017,0.009,0.084,0.18,0.009,0.008,0.009,0.007,0.415,0.266,0.707,0.317,0.957,0.955,0.031,0.557,0.274,0.014,0.191,0.395,0.016,0.022,0.945,0.419,0.294,MOLINA,110,100
0.902,0.008,0.034,0.012,0.015,0.011,0.01,0.008,0.027,0.103,0.189,0.009,0.007,0.008,0.01,0.416,0.038,0.878,0.434,0.967,0.964,0.017,0.011,0.54,0.033,0.011,0.343,0.012,0.014,0.964,0.969,0.036,MONTE PATRIA,72,72
0.783,0.064,0.027,0.008,0.007,0.008,0.006,0.006,0.01,0.008,0.161,0.01,0.011,0.009,0.012,0.722,0.194,0.506,0.425,0.966,0.963,0.027,0.232,0.263,0.013,0.423,0.387,0.015,0.019,0.955,0.749,0.008,MOSTAZAL,60,60
0.943,0.01,0.019,0.011,0.03,0.008,0.008,0.009,0.015,0.013,0.175,0.011,0.017,0.009,0.248,0.191,0.024,0.963,0.57,0.966,0.898,0.014,0.309,0.774,0.018,0.014,0.237,0.012,0.055,0.969,0.435,0.027,MULCHEN,69,69
0.89,0.085,0.017,0.008,0.006,0.008,0.052,0.006,0.012,0.153,0.176,0.009,0.011,0.01,0.008,0.26,0.083,0.244,0.608,0.971,0.969,0.019,0.5,0.726,0.016,0.518,0.199,0.012,0.014,0.963,0.44,0.007,NACIMIENTO,64,64
0.686,0.023,0.019,0.053,0.024,0.013,0.01,0.089,0.019,0.012,0.06,0.121,0.03,0.019,0.007,0.582,0.278,0.907,0.592,0.68,0.883,0.041,0.146,0.186,0.017,0.058,0.329,0.145,0.063,0.927,0.838,0.142,NANCAGUA,41,41
0.929,0.021,0.031,0.019,0.018,0.011,0.263,0.012,0.02,0.046,0.223,0.046,0.01,0.006,0.114,0.326,0.025,0.754,0.434,0.692,0.953,0.013,0.518,0.008,0.027,0.18,0.312,0.242,0.02,0.97,0.105,0.653,NATALES,65,65
0.517,0.007,0.01,0.119,0.011,0.052,0.007,0.139,0.007,0.008,0.162,0.043,0.008,0.031,0.123,0.549,0.036,0.709,0.516,0.826,0.969,0.063,0.08,0.015,0.44,0.276,0.312,0.012,0.012,0.855,0.789,0.298,NAVIDAD,22,22
0.252,0.041,0.104,0.028,0.055,0.086,0.032,0.945,0.056,0.23,0.091,0.025,0.033,0.015,0.011,0.02,0.582,0.433,0.651,0.885,0.89,0.01,0.432,0.019,0.11,0.296,0.155,0.062,0.022,0.888,0.525,0.016,NEGRETE,25,25
0.859,0.007,0.013,0.037,0.01,0.009,0.007,0.073,0.021,0.12,0.188,0.012,0.012,0.014,0.011,0.296,0.095,0.591,0.412,0.932,0.96,0.022,0.007,0.295,0.024,0.282,0.386,0.019,0.018,0.955,0.975,0.336,NOGALES,53,53
0.918,0.034,0.016,0.008,0.012,0.014,0.067,0.008,0.026,0.01,0.124,0.016,0.016,0.012,0.193,0.436,0.029,0.547,0.66,0.959,0.953,0.02,0.152,0.087,0.028,0.41,0.199,0.017,0.019,0.954,0.589,0.469,NUEVA IMPERIAL,83,83
0.917,0.047,0.011,0.008,0.009,0.007,0.01,0.009,0.007,0.117,0.058,0.055,0.008,0.006,0.01,0.627,0.01,0.677,0.601,0.777,0.969,0.008,0.011,0.009,0.066,0.159,0.33,0.159,0.015,0.978,0.969,0.355,ÑUÑOA,552,100
0.656,0.094,0.033,0.022,0.01,0.008,0.072,0.01,0.012,0.081,0.183,0.02,0.016,0.011,0.028,0.272,0.32,0.685,0.47,0.855,0.925,0.039,0.75,0.013,0.011,0.14,0.314,0.104,0.049,0.942,0.149,0.706,OLIVAR,35,35
0.796,0.049,0.02,0.025,0.011,0.014,0.18,0.011,0.043,0.018,0.154,0.024,0.016,0.017,0.229,0.547,0.089,0.876,0.477,0.78,0.961,0.019,0.196,0.34,0.072,0.057,0.349,0.172,0.012,0.95,0.395,0.102,OLMUE,47,47
0.932,0.008,0.021,0.01,0.012,0.011,0.007,0.009,0.016,0.078,0.15,0.01,0.011,0.01,0.266,0.47,0.029,0.741,0.505,0.966,0.963,0.022,0.009,0.011,0.024,0.173,0.324,0.014,0.015,0.957,0.717,0.51,OSORNO,378,100
0.939,0.007,0.013,0.035,0.006,0.008,0.013,0.007,0.011,0.065,0.164,0.127,0.007,0.009,0.013,0.33,0.014,0.837,0.622,0.675,0.931,0.011,0.014,0.007,0.036,0.091,0.2,0.163,0.056,0.972,0.961,0.657,OVALLE,248,100
0.913,0.009,0.014,0.021,0.009,0.009,0.012,0.02,0.019,0.076,0.123,0.124,0.009,0.01,0.011,0.254,0.044,0.885,0.613,0.654,0.962,0.017,0.015,0.716,0.024,0.03,0.251,0.2,0.019,0.963,0.961,0.01,PADRE LAS CASAS,172,100
0.866,0.146,0.01,0.006,0.008,0.008,0.009,0.296,0.01,0.064,0.085,0.009,0.183,0.006,0.01,0.137,0.016,0.746,0.606,0.974,0.783,0.009,0.01,0.275,0.108,0.044,0.298,0.011,0.026,0.976,0.97,0.291,PAIHUANO,14,14
0.777,0.054,0.012,0.017,0.01,0.026,0.007,0.013,0.01,0.159,0.072,0.049,0.013,0.018,0.006,0.381,0.01,0.475,0.713,0.902,0.959,0.026,0.252,0.436,0.203,0.311,0.203,0.032,0.019,0.931,0.735,0.171,PALMILLA,29,29
0.696,0.004,0.013,0.009,0.009,0.019,0.482,0.144,0.021,0.004,0.141,0.05,0.016,0.031,0.006,0.731,0.252,0.88,0.53,0.579,0.958,0.115,0.009,0.109,0.032,0.112,0.317,0.363,0.016,0.835,0.502,0.015,PANQUEHUE,19,19
0.832,0.052,0.009,0.011,0.02,0.013,0.011,0.011,0.135,0.015,0.079,0.056,0.079,0.022,0.009,0.016,0.015,0.814,0.554,0.826,0.855,0.026,0.834,0.011,0.018,0.118,0.357,0.107,0.046,0.939,0.147,0.962,PAPUDO,19,19
0.858,0.042,0.008,0.007,0.01,0.01,0.008,0.043,0.059,0.082,0.065,0.009,0.007,0.007,0.012,0.482,0.03,0.636,0.906,0.749,0.958,0.024,0.012,0.012,0.053,0.24,0.02,0.235,0.025,0.959,0.968,0.463,PAREDONES,20,20
0.791,0.007,0.012,0.127,0.014,0.011,0.006,0.008,0.104,0.007,0.131,0.075,0.013,0.011,0.006,0.193,0.028,0.819,0.574,0.764,0.953,0.022,0.93,0.562,0.077,0.167,0.283,0.035,0.019,0.956,0.057,0.238,PARRAL,105,100
0.855,0.013,0.019,0.041,0.031,0.012,0.008,0.086,0.018,0.095,0.141,0.012,0.052,0.014,0.072,0.203,0.012,0.773,0.381,0.922,0.877,0.016,0.007,0.009,0.116,0.119,0.459,0.025,0.041,0.958,0.913,0.702,PEDRO AGUIRRE CERDA,223,100
0.851,0.017,0.009,0.009,0.009,0.011,0.005,0.05,0.022,0.072,0.153,0.008,0.011,0.013,0.006,0.267,0.03,0.892,0.632,0.972,0.965,0.022,0.382,0.021,0.097,0.019,0.206,0.012,0.015,0.954,0.608,0.662,PELARCO,27,27
0.518,0.369,0.041,0.014,0.01,0.026,0.009,0.257,0.031,0.017,0.112,0.064,0.008,0.089,0.139,0.014,0.05,0.111,0.82,0.886,0.977,0.035,0.103,0.712,0.401,0.504,0.026,0.036,0.005,0.849,0.749,0.017,PELLUHUE,22,22
0.894,0.015,0.016,0.033,0.01,0.011,0.013,0.061,0.017,0.123,0.086,0.01,0.013,0.018,0.01,0.597,0.048,0.632,0.316,0.943,0.949,0.026,0.007,0.263,0.04,0.23,0.582,0.015,0.028,0.945,0.971,0.079,PEÑALOLEN,482,100
0.767,0.007,0.016,0.009,0.009,0.023,0.189,0.065,0.029,0.016,0.132,0.008,0.02,0.016,0.632,0.018,0.051,0.736,0.696,0.853,0.947,0.029,0.157,0.901,0.153,0.241,0.156,0.129,0.024,0.932,0.023,0.016,PENCAHUE,30,30
0.873,0.02,0.014,0.011,0.014,0.01,0.112,0.062,0.056,0.009,0.212,0.01,0.01,0.009,0.252,0.312,0.037,0.559,0.438,0.965,0.958,0.023,0.015,0.295,0.035,0.412,0.336,0.015,0.018,0.958,0.621,0.33,PENCO,113,100
0.077,0.021,0.171,0.231,0.049,0.043,0.003,0.098,0.048,0.009,0.023,0.165,0.014,0.032,0.005,0.533,0.561,0.561,0.628,0.541,0.9,0.021,0.987,0.186,0.313,0.409,0.178,0.064,0.038,0.904,0.005,0.184,PERALILLO,29,29
0.757,0.016,0.018,0.01,0.016,0.082,0.038,0.199,0.014,0.332,0.087,0.012,0.025,0.019,0.01,0.154,0.018,0.105,0.725,0.963,0.943,0.041,0.007,0.635,0.211,0.547,0.17,0.014,0.017,0.858,0.944,0.012,PERQUENCO,19,19
0.759,0.165,0.051,0.009,0.011,0.025,0.01,0.019,0.039,0.206,0.167,0.016,0.011,0.009,0.01,0.306,0.013,0.608,0.375,0.836,0.963,0.023,0.012,0.667,0.189,0.022,0.407,0.139,0.015,0.943,0.968,0.008,PETORCA,25,25
0.842,0.009,0.021,0.007,0.008,0.008,0.028,0.045,0.016,0.035,0.163,0.016,0.008,0.009,0.248,0.49,0.022,0.622,0.448,0.964,0.965,0.022,0.31,0.013,0.121,0.333,0.368,0.013,0.019,0.961,0.414,0.452,PEUMO,35,35
0.887,0.007,0.054,0.012,0.011,0.009,0.006,0.459,0.082,0.145,0.083,0.007,0.01,0.01,0.431,0.209,0.014,0.482,0.616,0.969,0.965,0.018,0.301,0.008,0.017,0.366,0.247,0.013,0.015,0.962,0.262,0.325,PICA,18,18
0.792,0.01,0.027,0.01,0.017,0.014,0.018,0.021,0.013,0.013,0.116,0.014,0.027,0.021,0.168,0.403,0.012,0.827,0.563,0.968,0.895,0.05,0.293,0.199,0.183,0.149,0.295,0.009,0.061,0.916,0.521,0.378,PICHIDEGUA,46,46
0.729,0.015,0.018,0.017,0.065,0.019,0.34,0.175,0.033,0.095,0.051,0.043,0.03,0.023,0.011,0.434,0.061,0.81,0.546,0.895,0.887,0.02,0.026,0.13,0.177,0.08,0.385,0.045,0.019,0.938,0.622,0.261,PICHILEMU,51,51
0.434,0.209,0.014,0.014,0.047,0.014,0.006,0.008,0.079,0.044,0.088,0.058,0.052,0.012,0.007,0.353,0.388,0.635,0.532,0.903,0.799,0.018,0.337,0.128,0.099,0.112,0.366,0.025,0.102,0.957,0.65,0.512,PIRQUE,66,66
0.871,0.138,0.018,0.009,0.011,0.011,0.007,0.007,0.037,0.095,0.11,0.012,0.012,0.013,0.006,0.402,0.034,0.707,0.546,0.966,0.96,0.023,0.34,0.504,0.058,0.06,0.326,0.013,0.017,0.953,0.646,0.087,PITRUFQUEN,65,65
0.545,0.142,0.012,0.018,0.016,0.008,0.011,0.009,0.12,0.017,0.023,0.03,0.065,0.026,0.295,0.558,0.019,0.629,0.766,0.921,0.896,0.015,0.068,0.009,0.315,0.212,0.2,0.031,0.024,0.951,0.625,0.424,PLACILLA,23,23
0.96,0.005,0.024,0.01,0.033,0.011,0.347,0.015,0.014,0.004,0.121,0.015,0.078,0.04,0.137,0.006,0.009,0.982,0.404,0.938,0.811,0.015,0.51,0.237,0.017,0.008,0.451,0.037,0.077,0.933,0.007,0.741,PORVENIR,15,15
0.885,0.016,0.039,0.026,0.087,0.015,0.004,0.114,0.049,0.006,0.064,0.008,0.103,0.019,0.41,0.518,0.036,0.658,0.776,0.679,0.784,0.026,0.005,0.006,0.03,0.321,0.121,0.287,0.026,0.94,0.581,0.361,POZO ALMONTE,34,34
0.967,0.017,0.011,0.027,0.01,0.01,0.015,0.04,0.005,0.155,0.011,0.007,0.008,0.007,0.01,0.397,0.016,0.647,0.012,0.955,0.97,0.012,0.01,0.011,0.013,0.18,0.966,0.011,0.012,0.971,0.965,0.552,PROVIDENCIA,431,100
0.785,0.033,0.055,0.023,0.008,0.007,0.011,0.086,0.007,0.088,0.184,0.011,0.009,0.008,0.01,0.611,0.012,0.859,0.423,0.877,0.966,0.015,0.011,0.01,0.197,0.019,0.338,0.089,0.017,0.969,0.968,0.293,PUCHUNCAVI,54,54
0.908,0.033,0.017,0.028,0.027,0.019,0.009,0.095,0.03,0.049,0.097,0.009,0.014,0.015,0.029,0.825,0.035,0.688,0.571,0.947,0.918,0.02,0.01,0.057,0.028,0.229,0.315,0.016,0.042,0.946,0.953,0.023,PUCON,90,90
0.923,0.013,0.007,0.006,0.008,0.007,0.047,0.069,0.014,0.099,0.088,0.038,0.011,0.012,0.209,0.529,0.037,0.661,0.398,0.94,0.961,0.017,0.011,0.019,0.026,0.227,0.506,0.016,0.02,0.964,0.733,0.382,PUDAHUEL,453,100
0.929,0.012,0.008,0.014,0.007,0.008,0.012,0.03,0.016,0.126,0.181,0.018,0.009,0.008,0.009,0.411,0.026,0.59,0.341,0.919,0.968,0.011,0.011,0.357,0.03,0.271,0.47,0.048,0.016,0.974,0.968,0.202,PUENTE ALTO,1079,100
0.963,0.018,0.018,0.009,0.007,0.006,0.005,0.004,0.01,0.177,0.232,0.005,0.007,0.006,0.006,0.1,0.016,0.582,0.462,0.977,0.976,0.016,0.006,0.892,0.011,0.223,0.288,0.01,0.01,0.972,0.983,0.004,PUERTO MONTT,551,100
0.918,0.008,0.018,0.01,0.01,0.009,0.009,0.008,0.019,0.221,0.158,0.013,0.018,0.012,0.452,0.038,0.026,0.673,0.488,0.951,0.955,0.02,0.086,0.623,0.037,0.099,0.336,0.026,0.017,0.959,0.453,0.33,PUERTO OCTAY,24,24
0.903,0.017,0.018,0.009,0.011,0.012,0.154,0.019,0.016,0.12,0.109,0.021,0.011,0.012,0.176,0.502,0.061,0.71,0.544,0.955,0.961,0.024,0.011,0.012,0.02,0.152,0.329,0.015,0.017,0.953,0.659,0.467,PUERTO VARAS,131,100
0.356,0.007,0.432,0.013,0.007,0.01,0.01,0.006,0.008,0.006,0.228,0.02,0.01,0.012,0.008,0.22,0.622,0.582,0.169,0.861,0.966,0.014,0.967,0.316,0.014,0.405,0.171,0.106,0.017,0.964,0.015,0.458,PUMANQUE,12,12
0.744,0.106,0.052,0.014,0.04,0.016,0.323,0.015,0.062,0.012,0.12,0.056,0.115,0.012,0.009,0.638,0.018,0.873,0.561,0.917,0.82,0.016,0.01,0.016,0.176,0.009,0.267,0.013,0.025,0.957,0.657,0.33,PUNITAQUI,29,29
0.967,0.021,0.012,0.015,0.011,0.008,0.008,0.007,0.008,0.157,0.219,0.038,0.005,0.008,0.007,0.369,0.011,0.703,0.411,0.932,0.974,0.013,0.008,0.007,0.014,0.12,0.359,0.015,0.01,0.971,0.977,0.616,PUNTA ARENAS,322,100
0.854,0.198,0.028,0.011,0.022,0.009,0.688,0.009,0.018,0.029,0.08,0.035,0.028,0.012,0.299,0.539,0.095,0.337,0.681,0.948,0.92,0.013,0.001,0.022,0.033,0.436,0.211,0.006,0.03,0.966,0.012,0.429,PUQUELDON,11,11
0.85,0.01,0.058,0.064,0.016,0.01,0.008,0.011,0.008,0.233,0.082,0.009,0.013,0.013,0.007,0.121,0.131,0.749,0.516,0.917,0.953,0.054,0.619,0.86,0.011,0.008,0.344,0.01,0.018,0.924,0.366,0.009,PUREN,32,32
0.749,0.01,0.053,0.133,0.014,0.016,0.006,0.009,0.058,0.01,0.083,0.009,0.009,0.012,0.089,0.801,0.097,0.969,0.545,0.781,0.966,0.072,0.449,0.18,0.095,0.011,0.32,0.077,0.011,0.901,0.456,0.009,PURRANQUE,53,53
0.737,0.017,0.023,0.017,0.013,0.016,0.41,0.072,0.027,0.043,0.148,0.072,0.08,0.016,0.029,0.279,0.19,0.591,0.526,0.895,0.881,0.021,0.317,0.046,0.046,0.349,0.304,0.015,0.027,0.947,0.244,0.603,PUTAENDO,38,38
0.784,0.014,0.078,0.024,0.016,0.01,0.017,0.013,0.014,0.105,0.111,0.013,0.026,0.015,0.261,0.247,0.187,0.754,0.593,0.944,0.884,0.013,0.137,0.35,0.015,0.127,0.217,0.018,0.074,0.962,0.584,0.39,PUYEHUE,33,33
0.82,0.344,0.011,0.012,0.053,0.01,0.635,0.009,0.105,0.284,0.011,0.009,0.008,0.01,0.006,0.446,0.02,0.222,0.756,0.968,0.921,0.011,0.007,0.26,0.054,0.15,0.222,0.01,0.018,0.969,0.352,0.285,QUEILEN,16,16
0.871,0.016,0.025,0.015,0.016,0.035,0.326,0.011,0.047,0.006,0.086,0.007,0.018,0.01,0.294,0.7,0.043,0.714,0.683,0.796,0.925,0.015,0.228,0.279,0.039,0.264,0.206,0.182,0.041,0.94,0.151,0.01,QUELLON,65,65
0.928,0.002,0.063,0.008,0.011,0.004,0.002,0.047,0.013,0.004,0.17,0.034,0.012,0.004,0.003,0.337,0.018,0.988,0.603,0.844,0.956,0.013,0.99,0.201,0.041,0.006,0.163,0.113,0.02,0.979,0.004,0.415,QUEMCHI,25,25
0.724,0.01,0.016,0.006,0.021,0.15,0.009,0.079,0.007,0.008,0.029,0.013,0.015,0.107,0.006,0.618,0.021,0.968,0.939,0.736,0.702,0.037,0.805,0.246,0.248,0.014,0.017,0.245,0.263,0.706,0.18,0.057,QUILACO,12,12
0.77,0.018,0.025,0.027,0.023,0.019,0.419,0.009,0.057,0.051,0.114,0.046,0.02,0.016,0.015,0.451,0.1,0.838,0.444,0.579,0.933,0.024,0.028,0.147,0.073,0.094,0.416,0.348,0.024,0.941,0.538,0.392,QUILICURA,398,100
0.787,0.011,0.011,0.01,0.066,0.009,0.041,0.03,0.006,0.011,0.076,0.012,0.044,0.081,0.12,0.204,0.199,0.968,0.9,0.816,0.807,0.008,0.118,0.009,0.009,0.01,0.013,0.162,0.084,0.902,0.72,0.757,QUILLECO,24,24
0.93,0.027,0.013,0.011,0.01,0.01,0.01,0.008,0.016,0.059,0.168,0.021,0.012,0.014,0.24,0.454,0.022,0.581,0.476,0.952,0.96,0.019,0.109,0.53,0.032,0.334,0.343,0.017,0.018,0.957,0.642,0.009,QUILLOTA,210,100
0.903,0.044,0.012,0.009,0.01,0.011,0.083,0.007,0.01,0.121,0.187,0.008,0.01,0.013,0.05,0.527,0.021,0.612,0.389,0.969,0.963,0.043,0.012,0.008,0.067,0.223,0.412,0.013,0.018,0.932,0.854,0.458,QUILPUE,370,100
0.872,0.34,0.02,0.013,0.014,0.01,0.453,0.011,0.009,0.275,0.076,0.007,0.008,0.009,0.306,0.383,0.034,0.351,0.604,0.964,0.956,0.011,0.062,0.593,0.085,0.034,0.3,0.016,0.021,0.97,0.179,0.013,QUINCHAO,25,25
0.805,0.009,0.051,0.01,0.013,0.018,0.011,0.017,0.081,0.008,0.12,0.01,0.014,0.017,0.009,0.59,0.086,0.682,0.445,0.88,0.961,0.113,0.749,0.021,0.029,0.301,0.384,0.1,0.011,0.852,0.231,0.372,QUINTA DE TILCOCO,33,33
0.936,0.043,0.012,0.015,0.024,0.019,0.01,0.008,0.012,0.096,0.009,0.014,0.05,0.014,0.016,0.627,0.018,0.72,0.396,0.821,0.9,0.015,0.627,0.008,0.034,0.141,0.584,0.149,0.026,0.953,0.347,0.357,QUINTA NORMAL,267,100
0.744,0.013,0.026,0.102,0.012,0.034,0.016,0.208,0.047,0.011,0.15,0.083,0.022,0.015,0.108,0.481,0.168,0.749,0.466,0.645,0.929,0.023,0.202,0.025,0.041,0.227,0.358,0.17,0.037,0.928,0.674,0.286,QUINTERO,75,75
0.966,0.009,0.006,0.005,0.004,0.004,0.003,0.079,0.009,0.117,0.192,0.007,0.005,0.004,0.003,0.568,0.013,0.683,0.458,0.96,0.982,0.008,0.002,0.008,0.012,0.19,0.344,0.029,0.008,0.984,0.992,0.346,RANCAGUA,519,100
0.741,0.007,0.01,0.029,0.01,0.008,0.069,0.072,0.119,0.008,0.107,0.021,0.016,0.011,0.254,0.491,0.073,0.738,0.656,0.931,0.955,0.025,0.009,0.228,0.068,0.248,0.226,0.019,0.018,0.957,0.668,0.209,RAUCO,27,27
0.95,0.019,0.014,0.01,0.014,0.013,0.008,0.008,0.008,0.123,0.168,0.007,0.008,0.006,0.01,0.304,0.02,0.61,0.322,0.968,0.961,0.015,0.128,0.318,0.021,0.247,0.496,0.014,0.017,0.966,0.854,0.369,RECOLETA,349,100
0.809,0.149,0.017,0.006,0.007,0.008,0.29,0.184,0.01,0.1,0.14,0.008,0.01,0.01,0.118,0.234,0.02,0.346,0.779,0.973,0.969,0.018,0.008,0.145,0.161,0.405,0.064,0.013,0.014,0.964,0.585,0.437,RENAICO,26,26
0.885,0.042,0.016,0.012,0.011,0.015,0.009,0.009,0.024,0.016,0.14,0.061,0.02,0.012,0.007,0.501,0.058,0.528,0.41,0.775,0.951,0.016,0.77,0.008,0.032,0.413,0.434,0.152,0.018,0.956,0.214,0.483,RENCA,293,100
0.64,0.162,0.017,0.012,0.031,0.011,0.007,0.039,0.015,0.075,0.167,0.092,0.016,0.009,0.074,0.229,0.244,0.583,0.459,0.798,0.917,0.012,0.624,0.577,0.1,0.181,0.357,0.098,0.036,0.967,0.294,0.156,RENGO,138,100
0.59,0.007,0.021,0.111,0.012,0.009,0.006,0.2,0.011,0.084,0.104,0.077,0.011,0.013,0.491,0.354,0.387,0.897,0.446,0.793,0.957,0.021,0.496,0.057,0.012,0.012,0.43,0.018,0.02,0.956,0.007,0.389,REQUINOA,65,65
0.74,0.007,0.027,0.01,0.012,0.06,0.006,0.128,0.009,0.008,0.186,0.011,0.013,0.012,0.006,0.206,0.019,0.578,0.715,0.967,0.963,0.03,0.437,0.332,0.231,0.407,0.072,0.012,0.013,0.898,0.551,0.334,RETIRO,52,52
0.807,0.007,0.015,0.026,0.01,0.009,0.082,0.181,0.125,0.011,0.161,0.014,0.017,0.011,0.295,0.124,0.046,0.968,0.39,0.871,0.862,0.014,0.611,0.645,0.022,0.015,0.433,0.09,0.111,0.967,0.012,0.05,RINCONADA,27,27
0.878,0.007,0.009,0.013,0.011,0.01,0.007,0.016,0.049,0.037,0.064,0.097,0.018,0.049,0.007,0.274,0.04,0.495,0.784,0.823,0.949,0.177,0.011,0.248,0.033,0.461,0.143,0.067,0.022,0.764,0.976,0.461,RIO CLARO,36,36
0.691,0.008,0.178,0.006,0.011,0.021,0.303,0.007,0.017,0.008,0.116,0.007,0.006,0.008,0.633,0.393,0.026,0.973,0.471,0.979,0.964,0.055,0.009,0.591,0.266,0.011,0.235,0.008,0.019,0.916,0.054,0.008,RIO HURTADO,13,13
0.882,0.024,0.141,0.014,0.025,0.013,0.004,0.01,0.042,0.021,0.126,0.013,0.034,0.012,0.007,0.111,0.025,0.679,0.291,0.963,0.928,0.014,0.973,0.873,0.05,0.277,0.442,0.01,0.014,0.962,0.016,0.006,RIO IBAÑEZ,11,11
0.808,0.011,0.073,0.046,0.012,0.01,0.007,0.11,0.135,0.01,0.125,0.008,0.012,0.012,0.007,0.451,0.04,0.967,0.417,0.93,0.945,0.016,0.894,0.216,0.018,0.012,0.386,0.015,0.031,0.962,0.093,0.223,RIO NEGRO,35,35
0.786,0.093,0.011,0.011,0.007,0.009,0.006,0.006,0.074,0.012,0.108,0.021,0.013,0.012,0.177,0.581,0.022,0.573,0.735,0.943,0.96,0.021,0.115,0.141,0.118,0.322,0.145,0.024,0.02,0.957,0.702,0.272,ROMERAL,39,39
0.894,0.006,0.041,0.082,0.005,0.01,0.008,0.215,0.015,0.006,0.075,0.131,0.012,0.015,0.006,0.42,0.074,0.979,0.517,0.769,0.966,0.022,0.008,0.175,0.017,0.008,0.367,0.017,0.017,0.953,0.978,0.191,SAAVEDRA,34,34
0.798,0.05,0.008,0.014,0.009,0.011,0.01,0.009,0.016,0.032,0.126,0.01,0.015,0.023,0.077,0.456,0.027,0.857,0.457,0.962,0.957,0.028,0.348,0.321,0.159,0.062,0.409,0.013,0.019,0.938,0.566,0.214,SAGRADA FAMILIA,44,44
0.931,0.011,0.015,0.009,0.011,0.01,0.191,0.008,0.016,0.011,0.178,0.007,0.011,0.009,0.009,0.649,0.025,0.965,0.374,0.825,0.963,0.021,0.111,0.335,0.028,0.014,0.433,0.159,0.015,0.961,0.689,0.008,SALAMANCA,64,64
0.9,0.026,0.01,0.013,0.013,0.009,0.017,0.012,0.028,0.143,0.16,0.01,0.01,0.009,0.145,0.351,0.034,0.631,0.297,0.957,0.957,0.02,0.009,0.432,0.038,0.2,0.533,0.02,0.019,0.961,0.829,0.205,SAN ANTONIO,211,100
0.922,0.021,0.018,0.01,0.012,0.012,0.01,0.014,0.02,0.062,0.172,0.054,0.012,0.013,0.125,0.249,0.039,0.698,0.41,0.922,0.959,0.016,0.046,0.011,0.019,0.219,0.401,0.014,0.017,0.959,0.819,0.726,SAN BERNARDO,595,100
0.847,0.007,0.027,0.007,0.01,0.009,0.006,0.09,0.012,0.008,0.187,0.009,0.014,0.011,0.007,0.314,0.019,0.92,0.55,0.934,0.958,0.023,0.422,0.322,0.122,0.065,0.237,0.05,0.018,0.958,0.565,0.274,SAN CLEMENTE,104,100
0.798,0.033,0.034,0.022,0.043,0.018,0.008,0.205,0.027,0.047,0.153,0.048,0.022,0.026,0.007,0.468,0.032,0.71,0.522,0.897,0.897,0.025,0.337,0.032,0.143,0.21,0.29,0.033,0.038,0.931,0.648,0.295,SAN ESTEBAN,43,43
0.945,0.01,0.024,0.008,0.011,0.011,0.009,0.01,0.014,0.06,0.19,0.013,0.011,0.013,0.225,0.32,0.021,0.684,0.435,0.968,0.962,0.019,0.215,0.118,0.019,0.247,0.351,0.011,0.016,0.957,0.551,0.552,SAN FELIPE,160,100
0.896,0.01,0.032,0.008,0.011,0.01,0.011,0.008,0.018,0.125,0.178,0.009,0.01,0.011,0.007,0.411,0.028,0.617,0.328,0.965,0.958,0.026,0.606,0.57,0.058,0.247,0.462,0.017,0.021,0.953,0.376,0.011,SAN FERNANDO,171,100
0.806,0.086,0.025,0.008,0.009,0.008,0.183,0.006,0.019,0.095,0.138,0.008,0.007,0.009,0.217,0.357,0.024,0.543,0.594,0.971,0.965,0.025,0.593,0.509,0.151,0.277,0.242,0.013,0.019,0.957,0.007,0.129,SAN JAVIER,112,100
0.692,0.023,0.025,0.019,0.021,0.035,0.921,0.018,0.047,0.068,0.172,0.014,0.012,0.018,0.027,0.252,0.182,0.673,0.284,0.768,0.856,0.021,0.021,0.499,0.079,0.236,0.519,0.199,0.111,0.926,0.031,0.232,SAN JOAQUIN,211,100
0.81,0.025,0.072,0.036,0.014,0.014,0.009,0.012,0.015,0.073,0.016,0.183,0.03,0.013,0.169,0.306,0.049,0.454,0.67,0.751,0.895,0.014,0.599,0.19,0.127,0.447,0.242,0.029,0.062,0.959,0.223,0.492,SAN JOSE DE MAIPO,42,42
0.829,0.139,0.029,0.009,0.01,0.009,0.007,0.139,0.011,0.009,0.127,0.01,0.011,0.012,0.06,0.596,0.143,0.759,0.535,0.945,0.96,0.018,0.145,0.011,0.018,0.093,0.309,0.037,0.019,0.961,0.787,0.254,SAN JUAN DE LA COSTA,22,22
0.959,0.011,0.007,0.007,0.009,0.009,0.012,0.202,0.008,0.096,0.154,0.006,0.06,0.008,0.013,0.233,0.014,0.727,0.346,0.904,0.915,0.01,0.013,0.285,0.02,0.166,0.493,0.083,0.016,0.973,0.962,0.279,SAN MIGUEL,303,100
0.869,0.008,0.031,0.015,0.012,0.009,0.012,0.015,0.022,0.021,0.098,0.027,0.018,0.014,0.359,0.593,0.035,0.838,0.785,0.896,0.836,0.014,0.053,0.006,0.073,0.133,0.086,0.062,0.135,0.964,0.576,0.386,SAN PABLO,27,27
0.744,0.244,0.031,0.353,0.109,0.012,0.007,0.018,0.016,0.048,0.115,0.013,0.266,0.012,0.008,0.194,0.016,0.521,0.643,0.623,0.603,0.015,0.499,0.776,0.223,0.187,0.211,0.01,0.022,0.961,0.486,0.012,SAN PEDRO DE ATACAMA,22,22
0.878,0.02,0.013,0.046,0.009,0.01,0.007,0.006,0.043,0.092,0.172,0.066,0.01,0.01,0.027,0.342,0.024,0.767,0.516,0.863,0.964,0.017,0.006,0.035,0.055,0.121,0.299,0.026,0.016,0.964,0.96,0.616,SAN PEDRO DE LA PAZ,267,100
0.69,0.006,0.035,0.008,0.011,0.015,0.5,0.012,0.045,0.011,0.074,0.009,0.014,0.011,0.01,0.941,0.019,0.794,0.704,0.833,0.959,0.015,0.243,0.013,0.246,0.189,0.187,0.15,0.016,0.959,0.247,0.034,SAN RAFAEL,23,23
0.858,0.025,0.014,0.023,0.011,0.014,0.062,0.144,0.018,0.076,0.102,0.052,0.043,0.012,0.011,0.456,0.099,0.628,0.378,0.902,0.926,0.016,0.158,0.073,0.025,0.271,0.506,0.023,0.021,0.958,0.77,0.326,SAN RAMON,189,100
0.757,0.176,0.018,0.009,0.008,0.008,0.009,0.565,0.009,0.035,0.181,0.007,0.006,0.01,0.01,0.299,0.219,0.183,0.603,0.975,0.973,0.017,0.011,0.124,0.015,0.605,0.198,0.009,0.013,0.965,0.97,0.012,SAN ROSENDO,11,11
0.862,0.032,0.008,0.016,0.007,0.009,0.009,0.007,0.016,0.126,0.096,0.024,0.011,0.01,0.011,0.672,0.059,0.591,0.567,0.855,0.962,0.015,0.013,0.309,0.063,0.252,0.33,0.105,0.02,0.966,0.967,0.011,SAN VICENTE,111,100
0.921,0.009,0.025,0.037,0.009,0.007,0.117,0.008,0.012,0.009,0.167,0.01,0.009,0.009,0.299,0.171,0.023,0.97,0.569,0.839,0.967,0.016,0.576,0.684,0.044,0.012,0.239,0.115,0.015,0.968,0.009,0.138,SANTA BARBARA,36,36
0.845,0.045,0.009,0.007,0.007,0.012,0.183,0.006,0.038,0.011,0.205,0.009,0.011,0.01,0.008,0.417,0.026,0.702,0.501,0.966,0.959,0.024,0.183,0.477,0.091,0.242,0.285,0.017,0.022,0.954,0.626,0.099,SANTA CRUZ,87,87
0.845,0.006,0.034,0.01,0.006,0.009,0.071,0.008,0.009,0.006,0.177,0.009,0.006,0.007,0.009,0.41,0.018,0.939,0.564,0.97,0.974,0.021,0.134,0.573,0.128,0.049,0.225,0.012,0.013,0.963,0.785,0.008,SANTA JUANA,36,36
0.835,0.008,0.032,0.009,0.011,0.015,0.01,0.042,0.118,0.075,0.103,0.007,0.015,0.032,0.252,0.529,0.029,0.908,0.55,0.714,0.956,0.022,0.01,0.418,0.018,0.009,0.315,0.27,0.018,0.931,0.727,0.011,SANTA MARIA,33,33
0.964,0.035,0.012,0.016,0.016,0.014,0.154,0.007,0.008,0.1,0.072,0.014,0.013,0.006,0.095,0.461,0.014,0.723,0.507,0.853,0.947,0.018,0.007,0.007,0.015,0.142,0.409,0.117,0.024,0.961,0.744,0.525,SANTIAGO,983,100
0.757,0.078,0.006,0.014,0.009,0.009,0.011,0.006,0.008,0.035,0.043,0.011,0.071,0.013,0.012,0.66,0.224,0.868,0.516,0.858,0.899,0.015,0.012,0.133,0.011,0.02,0.435,0.117,0.021,0.963,0.965,0.201,SANTO DOMINGO,35,35
0.92,0.006,0.008,0.009,0.007,0.006,0.011,0.103,0.013,0.091,0.163,0.01,0.008,0.008,0.012,0.543,0.042,0.816,0.528,0.737,0.968,0.016,0.014,0.337,0.025,0.086,0.301,0.244,0.017,0.97,0.963,0.017,TALCA,498,100
0.924,0.037,0.009,0.007,0.007,0.009,0.092,0.023,0.011,0.062,0.179,0.009,0.008,0.008,0.269,0.55,0.047,0.62,0.475,0.97,0.971,0.019,0.01,0.01,0.019,0.282,0.337,0.014,0.014,0.963,0.629,0.417,TALCAHUANO,342,100
0.488,0.046,0.079,0.008,0.011,0.305,0.387,0.011,0.019,0.029,0.182,0.01,0.012,0.014,0.006,0.468,0.033,0.893,0.556,0.661,0.814,0.014,0.602,0.006,0.46,0.033,0.184,0.321,0.163,0.667,0.005,0.516,TALTAL,26,26
0.933,0.013,0.007,0.038,0.009,0.009,0.006,0.007,0.008,0.104,0.158,0.057,0.01,0.009,0.022,0.291,0.047,0.718,0.558,0.878,0.966,0.016,0.006,0.295,0.012,0.165,0.277,0.027,0.015,0.965,0.966,0.407,TEMUCO,653,100
0.829,0.008,0.013,0.009,0.007,0.011,0.093,0.012,0.034,0.132,0.118,0.009,0.011,0.011,0.112,0.479,0.039,0.811,0.488,0.968,0.964,0.026,0.296,0.497,0.098,0.049,0.382,0.014,0.018,0.952,0.5,0.012,TENO,70,70
0.91,0.008,0.024,0.009,0.016,0.007,0.008,0.173,0.012,0.019,0.101,0.015,0.019,0.01,0.008,0.469,0.063,0.88,0.57,0.965,0.949,0.063,0.664,0.02,0.015,0.093,0.304,0.011,0.016,0.921,0.32,0.338,TEODORO SCHMIDT,39,39
0.815,0.012,0.027,0.009,0.036,0.012,0.149,0.378,0.017,0.289,0.156,0.083,0.017,0.011,0.011,0.391,0.148,0.677,0.469,0.9,0.933,0.017,0.649,0.07,0.02,0.022,0.348,0.009,0.014,0.96,0.19,0.16,TIERRA AMARILLA,32,32
0.874,0.006,0.016,0.01,0.008,0.007,0.255,0.009,0.017,0.049,0.126,0.008,0.008,0.011,0.44,0.385,0.028,0.584,0.54,0.965,0.964,0.026,0.012,0.37,0.081,0.361,0.318,0.017,0.02,0.956,0.293,0.237,TILTIL,43,43
0.937,0.005,0.045,0.011,0.012,0.013,0.006,0.006,0.009,0.064,0.074,0.013,0.009,0.048,0.107,0.452,0.026,0.924,0.462,0.965,0.961,0.033,0.856,0.534,0.028,0.006,0.419,0.011,0.018,0.907,0.032,0.007,TIRUA,24,24
0.855,0.158,0.035,0.139,0.011,0.017,0.013,0.013,0.027,0.025,0.209,0.083,0.019,0.012,0.042,0.378,0.041,0.799,0.37,0.748,0.917,0.05,0.228,0.553,0.076,0.019,0.386,0.03,0.052,0.921,0.717,0.056,TOCOPILLA,57,57
0.912,0.099,0.016,0.008,0.011,0.01,0.01,0.009,0.01,0.085,0.153,0.009,0.016,0.01,0.008,0.279,0.025,0.798,0.498,0.972,0.943,0.015,0.971,0.564,0.053,0.017,0.333,0.011,0.029,0.965,0.011,0.148,TOLTEN,28,28
0.885,0.056,0.009,0.008,0.008,0.012,0.009,0.064,0.016,0.104,0.151,0.083,0.009,0.007,0.011,0.34,0.024,0.408,0.634,0.894,0.963,0.016,0.012,0.387,0.074,0.432,0.205,0.015,0.019,0.965,0.968,0.209,TOME,134,100
0.903,0.012,0.015,0.033,0.022,0.011,0.108,0.045,0.014,0.01,0.03,0.14,0.017,0.012,0.263,0.411,0.027,0.793,0.781,0.745,0.938,0.014,0.04,0.449,0.056,0.186,0.174,0.083,0.023,0.964,0.589,0.096,TRAIGUEN,46,46
0.908,0.007,0.02,0.011,0.013,0.012,0.036,0.012,0.027,0.015,0.139,0.039,0.012,0.009,0.155,0.666,0.039,0.791,0.519,0.886,0.961,0.093,0.732,0.295,0.026,0.187,0.322,0.064,0.014,0.886,0.078,0.026,TUCAPEL,37,37
0.82,0.22,0.026,0.045,0.028,0.012,0.006,0.009,0.02,0.01,0.184,0.012,0.015,0.013,0.007,0.665,0.141,0.614,0.467,0.761,0.899,0.015,0.604,0.28,0.019,0.156,0.323,0.182,0.057,0.96,0.382,0.047,VALLENAR,119,100
0.965,0.018,0.015,0.008,0.009,0.01,0.006,0.009,0.008,0.149,0.223,0.007,0.007,0.005,0.005,0.375,0.012,0.609,0.345,0.973,0.974,0.011,0.007,0.192,0.015,0.223,0.417,0.012,0.01,0.974,0.982,0.424,VALPARAISO,732,100
0.762,0.171,0.01,0.009,0.019,0.012,0.01,0.006,0.041,0.02,0.038,0.036,0.026,0.034,0.786,0.051,0.179,0.664,0.63,0.755,0.924,0.016,0.007,0.785,0.018,0.145,0.322,0.2,0.031,0.937,0.196,0.157,VICHUQUEN,14,14
0.886,0.008,0.047,0.053,0.009,0.009,0.005,0.01,0.019,0.008,0.117,0.058,0.007,0.01,0.16,0.296,0.053,0.973,0.616,0.768,0.968,0.019,0.136,0.538,0.043,0.01,0.22,0.122,0.016,0.962,0.699,0.156,VICTORIA,87,87
0.58,0.012,0.096,0.111,0.044,0.022,0.07,0.018,0.029,0.016,0.178,0.023,0.012,0.015,0.167,0.352,0.216,0.704,0.44,0.839,0.93,0.014,0.576,0.155,0.175,0.268,0.286,0.027,0.013,0.949,0.187,0.475,VICUÑA,64,64
0.91,0.033,0.023,0.014,0.013,0.019,0.012,0.082,0.02,0.125,0.118,0.009,0.008,0.01,0.007,0.474,0.041,0.634,0.596,0.967,0.962,0.025,0.242,0.432,0.029,0.208,0.263,0.011,0.017,0.946,0.74,0.013,VILCUN,71,71
0.77,0.01,0.034,0.014,0.018,0.043,0.012,0.019,0.018,0.053,0.088,0.017,0.029,0.019,0.218,0.479,0.189,0.814,0.537,0.96,0.901,0.022,0.755,0.309,0.023,0.123,0.341,0.009,0.051,0.915,0.015,0.194,VILLA ALEGRE,40,40
0.876,0.011,0.013,0.015,0.014,0.013,0.096,0.035,0.028,0.071,0.183,0.016,0.015,0.018,0.197,0.476,0.058,0.714,0.365,0.948,0.891,0.012,0.269,0.212,0.038,0.204,0.439,0.021,0.079,0.957,0.437,0.278,VILLA ALEMANA,285,100
0.918,0.084,0.032,0.011,0.012,0.012,0.007,0.009,0.011,0.067,0.133,0.013,0.01,0.011,0.297,0.536,0.022,0.597,0.432,0.961,0.962,0.022,0.687,0.445,0.049,0.253,0.403,0.015,0.017,0.955,0.009,0.01,VILLARRICA,167,100
0.931,0.032,0.015,0.011,0.013,0.015,0.009,0.011,0.014,0.125,0.221,0.01,0.014,0.012,0.009,0.287,0.024,0.72,0.369,0.966,0.959,0.013,0.012,0.012,0.031,0.123,0.396,0.014,0.014,0.96,0.97,0.69,VIÑA DEL MAR,809,100
0.914,0.025,0.012,0.032,0.009,0.012,0.011,0.011,0.008,0.091,0.012,0.01,0.006,0.011,0.254,0.703,0.067,0.857,0.012,0.849,0.976,0.013,0.011,0.011,0.011,0.028,0.965,0.108,0.009,0.964,0.724,0.276,VITACURA,222,100
0.736,0.067,0.012,0.014,0.013,0.012,0.006,0.116,0.028,0.143,0.02,0.14,0.023,0.014,0.006,0.428,0.029,0.767,0.783,0.807,0.94,0.021,0.975,0.021,0.206,0.023,0.185,0.039,0.023,0.953,0.013,0.435,YERBAS BUENAS,47,47
0.905,0.007,0.013,0.008,0.009,0.03,0.007,0.007,0.018,0.094,0.052,0.011,0.016,0.094,0.019,0.586,0.051,0.889,0.507,0.968,0.955,0.037,0.269,0.295,0.026,0.01,0.428,0.013,0.02,0.839,0.705,0.112,YUMBEL,57,57
0.727,0.052,0.012,0.013,0.012,0.016,0.006,0.145,0.145,0.049,0.071,0.019,0.011,0.013,0.061,0.771,0.091,0.731,0.39,0.96,0.96,0.078,0.01,0.015,0.037,0.168,0.527,0.007,0.016,0.893,0.923,0.07,ZAPALLAR,27,27
